id,Player,Team,Position,Age,Games,Points,Rebounds,Assists,Steals,Blocks,Win Shares,Minutes Played,Player Efficiency Rating,Games Started,Field Goal %,Free Throw %,Turnovers
1,Precious Achiuwa,NYK,C,25,57,6.6,5.6,1,0.8,0.7,2.3,20.5,13.6,10,0.502,0.594,0.8
2,Steven Adams,HOU,C,31,58,3.9,5.6,1.1,0.4,0.5,2.3,13.7,16.6,3,0.545,0.462,0.9
3,Bam Adebayo,MIA,C,27,78,18.1,9.6,4.3,1.3,0.7,7.5,34.3,18.9,78,0.485,0.765,2.1
4,Ochai Agbaji,TOR,SG,24,64,10.4,3.8,1.5,0.9,0.5,3.1,27.2,12,45,0.498,0.708,0.8
5,Santi Aldama,MEM,PF,24,65,12.5,6.4,2.9,0.8,0.4,5,25.5,16.8,16,0.483,0.691,1.1
6,Trey Alexander,DEN,SG,21,24,1.3,0.5,0.5,0.1,0,-0.2,4.9,2.9,0,0.317,0.75,0.2
7,Nickeil Alexander-Walker,MIN,SG,26,82,9.4,3.2,2.7,0.6,0.4,4.3,25.3,11.6,10,0.438,0.78,1.2
8,Grayson Allen,PHO,SG,29,64,10.6,3,2.1,0.8,0.3,2.5,24.1,13.7,7,0.448,0.816,1.2
9,Jarrett Allen,CLE,C,26,82,13.5,9.7,1.9,0.9,0.9,11.6,28,22.1,82,0.706,0.718,1.2
10,Jose Alvarado,NOP,PG,26,56,10.3,2.4,4.6,1.3,0.3,1.2,24.4,13.4,23,0.392,0.811,1.5
11,Kyle Anderson,2TM,PF,31,61,5.9,3.4,2.4,0.7,0.5,2.8,16.4,15.1,4,0.469,0.738,0.6
12,Giannis Antetokounmpo,MIL,PF,30,67,30.4,11.9,6.5,0.9,1.2,11.5,34.2,30.5,67,0.601,0.617,3.1
13,Cole Anthony,ORL,PG,24,67,9.4,3,2.9,0.7,0.5,2,18.4,14.2,22,0.424,0.823,1.5
14,OG Anunoby,NYK,PF,27,74,18,4.8,2.2,1.5,0.9,6.5,36.6,15.4,74,0.476,0.81,1.4
15,Deni Avdija,POR,SF,24,72,16.9,7.3,3.9,1,0.5,5.6,30,17.7,54,0.476,0.78,2.7
16,Deandre Ayton,POR,C,26,40,14.4,10.2,1.6,0.8,1,2.8,30.2,17.7,40,0.566,0.667,1.7
17,Marcus Bagley,PHI,SF,23,10,6.7,7,1,0.9,1.2,0.2,25.3,11.8,4,0.391,0.8,0.7
18,Marvin Bagley III,2TM,PF,25,31,4.4,2.7,0.4,0.3,0.3,0.6,8.5,18.4,2,0.519,0.657,0.4
19,Patrick Baldwin Jr.,2TM,SF,22,24,2.2,1,0.1,0.1,0.1,0.2,4.5,16.2,0,0.543,0.5,0.2
20,LaMelo Ball,CHO,PG,23,47,25.2,4.9,7.4,1.1,0.3,2,32,19.1,47,0.405,0.843,3.6
21,Lonzo Ball,CHI,PG,27,35,7.6,3.4,3.3,1.3,0.5,1.2,22.2,12.2,14,0.366,0.815,1.2
22,Mo Bamba,2TM,C,26,32,4.3,4.5,0.6,0.3,1,1,12.9,13.9,2,0.464,0.704,0.6
23,Paolo Banchero,ORL,PF,22,46,25.9,7.5,4.8,0.8,0.6,3.5,34.4,20,46,0.452,0.727,3
24,Desmond Bane,MEM,SG,26,69,19.2,6.1,5.3,1.2,0.4,6.5,32,17.9,68,0.484,0.894,2.4
25,Dalano Banton,POR,PG,25,67,8.3,2,2.4,0.6,0.5,0.8,16.7,12.9,7,0.391,0.728,1.3
26,Dominick Barlow,ATL,SF,21,35,4.2,2.4,0.5,0.3,0.5,1,10.7,14.6,4,0.531,0.636,0.1
27,Harrison Barnes,SAS,PF,32,82,12.3,3.8,1.7,0.5,0.2,5.6,27.2,14.9,82,0.508,0.809,0.6
28,Scottie Barnes,TOR,PF,23,65,19.3,7.7,5.8,1.4,1,3.5,32.8,17.8,65,0.446,0.755,2.8
29,RJ Barrett,TOR,SF,24,58,21.1,6.3,5.4,0.8,0.3,2.4,32.2,16.5,58,0.468,0.63,2.8
30,Charles Bassey,SAS,C,24,36,4.4,4.2,0.5,0.4,0.8,1.1,10.4,19,1,0.581,0.636,0.6
31,Emoni Bates,CLE,SF,21,10,3.7,0.7,0.8,0.1,0.1,0.1,7.5,9.8,0,0.342,,0.2
32,Jamison Battle,TOR,SF,23,59,7.1,2.7,0.9,0.3,0.2,1.7,17.7,10.7,10,0.429,0.889,0.5
33,Nicolas Batum,LAC,PF,36,78,4,2.8,1.1,0.7,0.5,3.5,17.5,10.3,8,0.437,0.81,0.4
34,Damion Baugh,CHO,SG,24,15,7.3,3.3,3.7,1,0.1,-0.5,24.7,6.3,2,0.323,0.867,2.1
35,Bradley Beal,PHO,SG,31,53,17,3.3,3.7,1.1,0.5,2.4,32.1,15.2,38,0.497,0.803,1.9
36,Malik Beasley,DET,SG,28,82,16.3,2.6,1.7,0.9,0.1,4.7,27.8,14.4,18,0.43,0.679,1
37,MarJon Beauchamp,3TM,SF,24,35,2.3,1.3,0.3,0.1,0,0.1,4.5,12.3,0,0.415,0.75,0.4
38,Reece Beekman,2TM,PG,23,36,2.6,1.1,1.8,0.9,0.1,0.1,13,7.5,4,0.327,0.762,0.6
39,Goga Bitadze,ORL,C,25,70,7.2,6.6,2,0.7,1.4,5.8,20.4,19.2,42,0.611,0.639,1
40,Bismack Biyombo,SAS,C,32,28,5.1,5.6,1.1,0.6,0.8,0.8,18.9,12.2,26,0.588,0.4,1
41,Anthony Black,ORL,PG,21,78,9.4,2.9,3.1,1.1,0.6,2.4,24.2,11.6,10,0.423,0.761,1.8
42,Bogdan Bogdanović,2TM,SG,32,54,10.8,2.9,2.7,0.8,0.2,1.9,25,11.1,4,0.427,0.879,1.4
43,Bol Bol,PHO,PF,25,36,6.8,2.9,0.6,0.3,0.7,0.9,12.4,18.4,10,0.525,0.769,0.6
44,Adem Bona,PHI,C,21,58,5.8,4.2,0.5,0.4,1.2,2.3,15.6,16.5,11,0.703,0.67,1.1
45,Devin Booker,PHO,SG,28,75,25.6,4.1,7.1,0.9,0.2,6.4,37.3,19.3,75,0.461,0.894,2.9
46,Brandon Boston Jr.,NOP,SG,23,42,10.7,3.2,2.2,1.3,0.2,0.7,23.6,12.7,10,0.436,0.788,1.2
47,Chris Boucher,TOR,PF,32,50,10,4.5,0.7,0.5,0.5,2.7,17.2,18.7,0,0.492,0.782,0.6
48,Jamaree Bouyea,MIL,PG,25,5,3.4,1,2,0.8,0.4,0,12.4,9.7,1,0.5,0.667,1.6
49,Tony Bradley,IND,C,27,14,4.4,3,0.4,0.1,0.6,0.4,8.1,23.2,0,0.644,0.333,0.4
50,Malaki Branham,SAS,SG,21,47,5,1.1,0.8,0.2,0,0.1,9.1,12,0,0.458,0.818,0.7
51,Christian Braun,DEN,SG,23,79,15.4,5.2,2.6,1.1,0.5,8,33.9,16,77,0.58,0.827,1
52,Jalen Bridges,PHO,SF,23,8,1.1,0.5,0,0,0,-0.1,3.8,-0.1,0,0.286,0.75,0.5
53,Mikal Bridges,NYK,SF,28,82,17.6,3.2,3.7,0.9,0.5,5.7,37,14,82,0.5,0.814,1.6
54,Miles Bridges,CHO,PF,26,64,20.3,7.5,3.9,0.7,0.7,3.2,31.7,17.7,64,0.431,0.87,2.1
55,Oshae Brissett,PHI,SF,26,6,8.7,3.7,0.7,0.7,0.5,0.1,23.7,9.8,2,0.487,0.571,1.3
56,Malcolm Brogdon,WAS,PG,32,24,12.7,3.8,4.1,0.5,0.2,0.7,23.5,15.8,13,0.433,0.88,1.6
57,Dillon Brooks,HOU,SF,29,75,14,3.7,1.7,0.8,0.2,5.1,31.8,11,75,0.429,0.818,1
58,Keion Brooks Jr.,NOP,SF,24,14,10.1,4.1,0.9,0.7,0.7,0.4,23.7,12.8,6,0.486,0.733,0.9
59,Bruce Brown,2TM,PG,28,41,8.3,4,2,0.8,0.2,0.7,22.5,10.9,12,0.421,0.815,1
60,Jaylen Brown,BOS,SF,28,63,22.2,5.8,4.5,1.2,0.3,5.2,34.3,17.8,63,0.463,0.764,2.6
61,Kobe Brown,LAC,PF,25,40,1.9,1.6,0.6,0.2,0.1,0.5,6.8,10.8,0,0.458,0.714,0.3
62,Moses Brown,2TM,C,25,13,5.8,3.4,0.2,0.5,0.3,0.4,9.2,22.4,2,0.694,0.727,0.8
63,Jalen Brunson,NYK,PG,28,65,26,2.9,7.3,0.9,0.1,8.3,35.4,21.6,65,0.488,0.821,2.5
64,Thomas Bryant,2TM,C,27,66,6.5,3.8,0.8,0.4,0.6,3.1,14.6,17.2,8,0.508,0.859,0.5
65,Kobe Bufkin,ATL,SG,21,10,5.3,2.1,1.7,0.3,0.2,0,12.4,10.5,0,0.383,0.722,0.8
66,Alec Burks,MIA,SG,33,49,7.3,2.5,1.1,0.6,0.1,1.8,17.6,12.8,14,0.424,0.776,0.6
67,Jared Butler,2TM,SG,24,60,9,1.8,3.7,0.7,0.2,1.4,17.4,15.6,17,0.448,0.824,1.3
68,Jimmy Butler,2TM,SF,35,55,17.5,5.4,5.4,1.4,0.3,8.7,31.7,22.4,55,0.504,0.842,1.3
69,Matas Buzelis,CHI,SF,20,80,8.6,3.5,1,0.4,0.9,1.9,18.9,12.5,31,0.454,0.815,0.9
70,Jamal Cain,NOP,SF,25,37,5.3,2.3,0.6,0.6,0.2,0.4,13.6,11.4,0,0.43,0.68,0.6
71,Kentavious Caldwell-Pope,ORL,SG,31,77,8.7,2.2,1.8,1.3,0.4,4.6,29.6,9.9,77,0.439,0.863,0.8
72,Toumani Camara,POR,PF,24,78,11.3,5.8,2.2,1.5,0.6,5.2,32.7,12.5,78,0.458,0.722,1.4
73,Vlatko Čančar,DEN,PF,27,13,1.8,2.5,0.7,0.2,0.2,-0.1,10.5,4.6,0,0.385,,0.8
74,Clint Capela,ATL,C,30,55,8.9,8.5,1.1,0.6,1,3.2,21.4,17.7,41,0.559,0.536,0.9
75,Branden Carlson,OKC,C,25,32,3.8,1.7,0.4,0.2,0.7,0.9,7.7,17.6,0,0.443,0.778,0.2
76,Bub Carrington,WAS,PG,19,82,9.8,4.2,4.4,0.7,0.3,0.2,30,9,57,0.401,0.812,1.7
77,Devin Carter,SAC,PG,22,36,3.8,2.1,1.1,0.6,0.1,0.4,11,10.8,0,0.37,0.591,0.5
78,Jevon Carter,CHI,PG,29,36,4.3,1.1,1.1,0.4,0.1,0.3,8.9,12.2,1,0.377,0.8,0.3
79,Wendell Carter Jr.,ORL,C,25,68,9.1,7.2,2,0.8,0.6,4.6,25.9,13.7,51,0.46,0.737,1.1
80,D.J. Carton,TOR,SG,24,4,0.8,1,0.8,0.5,0,-0.1,8.3,-2.6,0,0.143,1,1
81,Alex Caruso,OKC,SG,30,54,7.1,2.9,2.5,1.6,0.6,3.9,19.3,15.9,3,0.446,0.824,0.7
82,Stephon Castle,SAS,PG,20,81,14.7,3.7,4.1,0.9,0.3,1.1,26.7,13.7,47,0.428,0.724,2.2
83,Colin Castleton,3TM,C,24,26,4.7,4.7,1.1,0.3,0.4,0.7,16.6,11.3,4,0.469,0.763,0.9
84,Julian Champagnie,SAS,SF,23,82,9.9,3.9,1.4,0.7,0.4,2.5,23.6,12.2,29,0.415,0.904,0.9
85,Justin Champagnie,WAS,SF,23,62,8.8,5.7,1,1,0.6,2.8,21.6,15.7,31,0.511,0.685,0.9
86,Ulrich Chomche,TOR,PF,19,7,0.7,1.1,0.3,0,0.1,0,4.6,5.2,0,0.4,0.5,0.3
87,Cam Christie,LAC,SG,19,13,1.4,0.9,0.5,0.4,0.1,0,4.5,9.1,0,0.292,0.5,0.2
88,Max Christie,2TM,SG,21,78,9.6,3.3,1.9,0.8,0.4,2.7,27.3,10.4,36,0.427,0.855,1.1
89,Josh Christopher,MIA,SG,23,14,2,0.6,0.6,0.4,0.2,-0.1,4.9,9.4,0,0.355,0.667,0.4
90,Sidy Cissoko,2TM,SF,20,22,1.5,1,0.7,0.1,0,-0.1,5.2,6.7,0,0.433,0.333,0.5
91,Jaylen Clark,MIN,SG,23,40,4.1,1.3,0.7,0.9,0.1,1.6,13.1,12,4,0.467,0.784,0.2
92,Brandon Clarke,MEM,PF,28,64,8.3,5.1,1,0.8,0.6,4.4,18.9,17.6,18,0.621,0.701,0.6
93,Jordan Clarkson,UTA,SG,32,37,16.2,3.2,3.7,0.8,0.2,0.4,26,14.5,9,0.408,0.797,2.3
94,Nic Claxton,BRK,C,25,70,10.3,7.4,2.2,0.9,1.4,4.3,26.9,16.5,62,0.563,0.513,1.2
95,Donovan Clingan,POR,C,20,67,6.5,7.9,1.1,0.5,1.6,4,19.8,17.4,37,0.539,0.596,1.1
96,Noah Clowney,BRK,PF,20,46,9.1,3.9,0.9,0.5,0.5,0.5,22.7,9.2,20,0.358,0.838,1
97,Amir Coffey,LAC,SG,27,72,9.7,2.2,1.1,0.6,0.1,4,24.3,11.2,13,0.471,0.891,0.6
98,Isaiah Collier,UTA,PG,20,71,8.7,3.3,6.3,0.9,0.2,-0.8,25.9,9.7,46,0.422,0.682,2.9
99,John Collins,UTA,PF,27,40,19,8.2,2,1,1,2.5,30.5,19,31,0.527,0.848,2.6
100,Yuri Collins,GSW,PG,23,2,1,1.5,2,1,0,0.1,8,13.9,0,0.333,,0
101,Zach Collins,2TM,PF,27,64,6.4,4.5,1.7,0.5,0.5,2.7,15.3,16,12,0.507,0.885,0.9
102,Mike Conley,MIN,PG,37,71,8.2,2.6,4.5,1.1,0.2,5.2,24.7,13.3,64,0.4,0.9,1.1
103,Pat Connaughton,MIL,SG,32,41,5.3,2.7,1.7,0.2,0.3,1.2,14.7,12.1,1,0.469,0.774,0.6
104,Bilal Coulibaly,WAS,SF,20,59,12.3,5,3.4,1.3,0.7,0.3,33,10.8,59,0.421,0.746,2.1
105,Ricky Council IV,PHI,SF,23,73,7.3,2.9,1.3,0.4,0.2,0.6,17.1,11.6,12,0.382,0.804,0.7
106,Torrey Craig,2TM,SF,34,26,4.2,2.8,0.7,0.3,0.5,0.8,12.1,12.9,4,0.422,0.667,0.3
107,Isaiah Crawford,SAC,SF,23,15,0.9,0.5,0.1,0.1,0.1,0,3.1,9.2,0,0.455,0.5,0.1
108,Jae Crowder,SAC,PF,34,9,2.6,2.2,0.7,0.3,0,0.1,11.4,6.6,2,0.318,0.833,0.4
109,Cui Yongxi,BRK,SG,21,5,0.6,0.4,0,0,0,-0.1,2,-10.7,0,0.143,0.5,0
110,Cade Cunningham,DET,PG,23,70,26.1,6.1,9.1,1,0.8,5.9,35,20.6,70,0.469,0.846,4.4
111,Seth Curry,CHO,SG,34,68,6.5,1.7,0.9,0.4,0.1,1.8,15.6,12.2,14,0.478,0.846,0.5
112,Stephen Curry,GSW,PG,36,70,24.5,4.4,6,1.1,0.4,7.9,32.2,21.5,70,0.448,0.933,2.9
113,Tristan Da Silva,ORL,SF,23,74,7.2,3.3,1.5,0.4,0.2,2.5,22,9.9,38,0.412,0.873,0.8
114,Pacome Dadiet,NYK,SG,19,18,1.7,1,0.3,0.2,0.1,0,6.2,6.3,0,0.323,0.667,0.2
115,Dyson Daniels,ATL,SG,21,76,14.1,5.9,4.4,3,0.7,5,33.8,15.6,76,0.493,0.593,2
116,N'Faly Dante,HOU,C,23,4,6,5.3,0.5,0.3,1.3,0.3,12.8,24,0,0.769,0.8,0.5
117,Anthony Davis,2TM,PF,31,51,24.7,11.6,3.5,1.2,2.2,6.7,33.5,26.3,51,0.516,0.775,2.2
118,Johnny Davis,WAS,SG,22,34,2.4,1.1,0.3,0.4,0.2,0.1,7.1,10.2,0,0.41,0.6,0.2
119,Terence Davis,SAC,SG,27,1,0,1,1,0,0,0,8,-4,0,0,,0
120,JD Davison,BOS,PG,22,16,2.1,0.8,0.8,0.3,0.1,-0.2,5.8,6.5,0,0.353,0.714,0.8
121,RayJ Dennis,IND,PG,23,11,2.7,1.1,1.3,0.6,0.2,0.1,6.4,13.9,0,0.333,1,0.5
122,DeMar DeRozan,SAC,SF,35,77,22.2,3.9,4.4,0.8,0.4,7.1,35.9,17.7,77,0.477,0.857,1.4
123,Moussa Diabaté,CHO,C,23,71,5.7,6.2,0.8,0.6,0.6,3.2,17.5,16.5,8,0.596,0.595,0.9
124,Gradey Dick,TOR,SG,21,54,14.4,3.6,1.8,0.9,0.2,1.4,29.4,10.9,54,0.41,0.858,1.5
125,Ousmane Dieng,OKC,C,21,37,3.8,2.2,0.8,0.5,0.2,0.9,10.9,11.5,1,0.432,0.688,0.5
126,Rob Dillingham,MIN,PG,20,49,4.5,1,2,0.4,0,0.1,10.5,10.2,1,0.441,0.533,1.1
127,Spencer Dinwiddie,DAL,PG,31,79,11,2.6,4.4,0.9,0.2,3.7,27,13,30,0.416,0.802,1.3
128,Donte DiVincenzo,MIN,SG,28,62,11.7,3.7,3.6,1.2,0.3,3.9,25.9,14.1,10,0.422,0.778,1.6
129,Luka Dončić,2TM,PG,25,50,28.2,8.2,7.7,1.8,0.4,5.9,35.4,24.1,50,0.45,0.782,3.6
130,Luguentz Dort,OKC,SF,25,71,10.1,4.1,1.6,1.1,0.5,5.6,29.2,11.3,71,0.435,0.717,0.7
131,Ayo Dosunmu,CHI,SG,25,46,12.3,3.5,4.5,0.9,0.4,2.5,30.3,12.8,26,0.492,0.785,1.5
132,Jeff Dowtin Jr.,PHI,PG,27,41,7,1.5,1.9,0.6,0.3,1.3,15.1,16.1,3,0.487,0.733,0.4
133,PJ Dozier,MIN,SG,28,9,0.8,0.6,0.6,0.1,0,0.1,3.9,9.5,0,0.667,0.167,0.1
134,Andre Drummond,PHI,C,31,40,7.3,7.8,0.9,1,0.5,1.2,18.8,16,23,0.5,0.622,1.4
135,Chris Duarte,CHI,SG,27,17,2.1,1.2,0.5,0,0,0.3,4.4,16.5,0,0.462,0.75,0.1
136,Alex Ducas,OKC,SG,24,21,1.7,1.2,0.2,0.2,0,0.3,6,10.1,0,0.4,1,0.2
137,David Duke Jr.,SAS,SG,25,6,2.7,0.8,0.7,0.2,0,0,5.7,12.2,0,0.429,0.5,0.3
138,Kris Dunn,LAC,PG,30,74,6.4,3.4,2.8,1.7,0.4,4,24.1,11.3,58,0.439,0.682,1
139,Ryan Dunn,PHO,SF,22,74,6.9,3.6,0.8,0.6,0.5,1,19.1,10.7,44,0.43,0.487,0.5
140,Kevin Durant,PHO,PF,36,62,26.6,6,4.2,0.8,1.2,5.2,36.5,21.2,62,0.527,0.839,3.1
141,Jalen Duren,DET,C,21,78,11.8,10.3,2.7,0.7,1.1,9.2,26.1,21.4,78,0.692,0.669,1.7
142,Tari Eason,HOU,PF,23,57,12,6.4,1.5,1.7,0.9,5,24.9,18.5,16,0.487,0.76,1.1
143,Zach Edey,MEM,C,22,66,9.2,8.3,1,0.5,1.3,4.9,21.5,18.2,55,0.58,0.709,1.3
144,Anthony Edwards,MIN,SG,23,79,27.6,5.7,4.5,1.2,0.6,8.4,36.3,20.1,79,0.447,0.837,3.2
145,Jesse Edwards,MIN,C,24,2,0,0,0.5,0,0,0,2.5,-0.1,0,,,0
146,Justin Edwards,PHI,SF,21,44,10.1,3.4,1.6,1,0.4,0.9,26.3,11.3,26,0.455,0.696,1.1
147,Kessler Edwards,DAL,SF,24,40,4.2,2.9,1.1,0.5,0.5,1.2,15.2,11.3,18,0.496,0.923,0.4
148,Keon Ellis,SAC,SG,25,80,8.3,2.7,1.5,1.5,0.8,5,24.4,13.5,28,0.489,0.849,0.9
149,Joel Embiid,PHI,C,30,19,23.8,8.2,4.5,0.7,0.9,1.4,30.2,23.4,19,0.444,0.882,3.3
150,Tyson Etienne,BRK,PG,25,7,7.9,1.3,1.7,0.4,0.1,-0.1,21.6,5.6,0,0.327,0.8,1.1
151,Drew Eubanks,2TM,C,27,61,4.6,3.7,0.9,0.2,0.6,1.7,12.2,15.6,4,0.593,0.662,0.7
152,Tosan Evbuomwan,BRK,SF,23,28,9.5,4.3,2,0.9,0.4,0.6,23.8,11.6,0,0.427,0.753,1.4
153,Dante Exum,DAL,PG,29,20,8.7,1.7,2.8,0.6,0.2,0.6,18.6,13.6,13,0.478,0.742,1.1
154,Bruno Fernando,TOR,C,26,17,3.4,3,1.1,0.2,0.5,0.3,8.6,15.3,2,0.531,0.75,0.8
155,Kyle Filipowski,UTA,C,21,72,9.6,6.1,1.9,0.7,0.3,2.5,21.1,14.9,27,0.502,0.65,1.4
156,Dorian Finney-Smith,2TM,PF,31,63,8.7,3.9,1.4,0.9,0.4,2.9,28.9,10.1,40,0.448,0.667,0.9
157,Adam Flagler,OKC,SG,25,37,1.8,0.7,0.3,0.2,0.1,-0.3,5.5,3.7,0,0.26,0.5,0.1
158,Trentyn Flowers,LAC,SF,19,6,1.8,0.7,0,0,0,0,4.5,4.3,0,0.364,1,0.2
159,Malachi Flynn,CHO,PG,26,4,4,1.8,1.8,0.8,0,0,11,12.4,0,0.385,0.833,1
160,Simone Fontecchio,DET,SF,29,75,5.9,2.9,0.9,0.4,0.2,1.6,16.5,9.7,0,0.402,0.833,0.7
161,De'Aaron Fox,2TM,PG,27,62,23.5,4.8,6.3,1.5,0.4,4.3,36.1,18.3,62,0.463,0.827,2.8
162,Enrique Freeman,IND,PF,24,22,2.1,1.4,0.4,0.1,0.1,0.2,8.2,7.4,1,0.432,0.684,0.3
163,Markelle Fultz,SAC,PG,26,21,2.9,1,1.3,0.5,0.1,-0.1,8.8,8.9,0,0.418,1,0.7
164,Johnny Furphy,IND,SG,20,50,2.1,1.4,0.4,0.4,0.2,0.5,7.6,9.8,0,0.38,0.818,0.2
165,Daniel Gafford,DAL,C,26,57,12.3,6.8,1.4,0.4,1.8,5.9,21.5,24.7,31,0.702,0.689,1.2
166,Darius Garland,CLE,PG,25,75,20.6,2.9,6.7,1.2,0.1,8.1,30.7,19.9,75,0.472,0.878,2.5
167,Marcus Garrett,CHO,SG,26,4,7,1.5,3.3,0.8,0.5,0,19.8,8.7,0,0.407,0.75,1.5
168,Luka Garza,MIN,C,26,39,3.5,1.4,0.3,0.2,0.1,0.7,5.6,18.8,0,0.495,0.686,0.3
169,Keyonte George,UTA,PG,21,67,16.8,3.8,5.6,0.7,0.1,1.1,31.5,12.9,35,0.391,0.818,2.7
170,Kyshawn George,WAS,SG,21,68,8.7,4.2,2.5,1,0.7,0.1,26.5,8.8,38,0.372,0.753,1.4
171,Paul George,PHI,PF,34,41,16.2,5.3,4.3,1.8,0.5,1,32.5,14.5,41,0.43,0.814,2.6
172,Taj Gibson,CHO,C,39,37,2.9,3.2,0.6,0.2,0.5,0.4,11.1,10.8,11,0.495,0.6,0.7
173,Josh Giddey,CHI,PG,22,70,14.6,8.1,7.2,1.2,0.6,5.3,30.2,18.1,69,0.465,0.781,2.9
174,Shai Gilgeous-Alexander,OKC,PG,26,76,32.7,5,6.4,1.7,1,16.7,34.2,30.7,76,0.519,0.898,2.4
175,Anthony Gill,WAS,PF,32,51,2.5,1.3,0.3,0.2,0,0.5,7.8,10.2,0,0.489,0.66,0.2
176,Collin Gillespie,PHO,PG,25,33,5.9,2.4,2.4,0.6,0.2,1.3,14,16.8,9,0.43,0.864,0.5
177,Rudy Gobert,MIN,C,32,72,12,10.9,1.8,0.8,1.4,10.1,33.2,18.3,72,0.669,0.674,1.2
178,Jordan Goodwin,LAL,PG,26,29,5.6,3.9,1.4,1,0.4,1,18.7,12.1,5,0.438,0.818,0.9
179,Aaron Gordon,DEN,PF,29,51,14.7,4.8,3.2,0.5,0.3,4.3,28.4,17,42,0.531,0.81,1.4
180,Eric Gordon,PHI,SG,36,39,6.8,1.2,1.7,0.7,0.3,0.9,19.7,10.8,13,0.426,0.75,0.7
181,Jazian Gortman,DAL,PG,21,16,1.5,0.3,0.4,0.1,0.1,-0.1,3.6,6.5,0,0.391,0.5,0.3
182,Jerami Grant,POR,PF,30,47,14.4,3.5,2.1,0.9,1,1.8,32.4,10.9,47,0.373,0.849,1.4
183,A.J. Green,MIL,SG,25,73,7.4,2.4,1.5,0.5,0.1,2.8,22.7,9.2,7,0.429,0.815,0.5
184,Draymond Green,GSW,PF,34,68,9,6.1,5.6,1.5,1,3.7,29.2,12.4,66,0.424,0.687,2.6
185,Jalen Green,HOU,SG,22,82,21,4.6,3.4,0.9,0.3,5.1,32.9,15.1,82,0.423,0.813,2.5
186,Javonte Green,2TM,SG,31,68,5.1,3.2,0.8,1,0.5,1.6,18.5,10.7,19,0.429,0.724,0.5
187,Jeff Green,HOU,PF,38,32,5.4,1.8,0.6,0.2,0.1,1.3,12.4,13.6,3,0.504,0.808,0.3
188,Josh Green,CHO,SG,24,68,7.4,2.5,1.6,1.1,0.2,1.5,27.8,7.8,67,0.428,0.681,1
189,Quentin Grimes,2TM,SG,24,75,14.6,4.3,3,1,0.3,3.4,26.8,15.9,37,0.467,0.757,1.9
190,Mouhamed Gueye,ATL,PF,22,33,6,4.2,0.8,0.8,1,1.2,16.2,14.4,28,0.421,0.762,0.5
191,Rui Hachimura,LAL,PF,26,59,13.1,5,1.4,0.8,0.4,4.3,31.7,13.6,57,0.509,0.77,0.8
192,Tyrese Haliburton,IND,PG,24,73,18.6,3.5,9.2,1.4,0.7,10.4,33.6,21.8,73,0.473,0.851,1.6
193,PJ Hall,DEN,C,22,19,1.7,1.2,0.2,0,0.2,0.2,3.5,18.3,0,0.583,0.75,0.1
194,Tim Hardaway Jr.,DET,SG,32,77,11,2.4,1.6,0.5,0.1,3.5,28,9.8,77,0.406,0.855,0.6
195,James Harden,LAC,PG,35,79,22.8,5.8,8.7,1.5,0.7,8.3,35.3,20,79,0.41,0.874,4.3
196,Jaden Hardy,DAL,SG,22,57,8.7,1.6,1.4,0.5,0.1,-0.3,15.9,10.4,3,0.435,0.698,1.4
197,Elijah Harkless,UTA,SG,24,10,3.2,2.1,0.8,1,0.1,0.1,13.8,7.8,0,0.314,0.5,0.3
198,Ron Harper Jr.,DET,SF,24,1,4,7,2,0,0,0,17,7.9,0,0.125,1,0
199,Gary Harris,ORL,SG,30,48,3,1.3,0.6,0.5,0.3,1,14.8,6.9,3,0.383,0.583,0.4
200,Tobias Harris,DET,PF,32,73,13.7,5.9,2.2,1,0.8,5.2,31.6,13.9,73,0.477,0.861,1.2
201,Josh Hart,NYK,SG,29,77,13.6,9.6,5.9,1.5,0.4,9.2,37.6,16.5,77,0.525,0.776,2.1
202,Isaiah Hartenstein,OKC,C,26,57,11.2,10.7,3.8,0.8,1.1,6.8,27.9,18.9,53,0.581,0.675,1.7
203,Sam Hauser,BOS,PF,27,71,8.5,3.2,0.9,0.6,0.2,4.4,21.7,12.8,19,0.451,1,0.3
204,Jordan Hawkins,NOP,SG,22,56,10.8,2.8,1.2,0.5,0.4,-0.5,23.6,9.6,9,0.372,0.816,1
205,Jaxson Hayes,LAL,C,24,56,6.8,4.8,1,0.6,0.9,3.7,19.5,15.8,35,0.722,0.622,0.8
206,Killian Hayes,BRK,PG,23,6,9,3,5.2,0.7,0.7,0.3,27,12.7,5,0.419,0.833,1.5
207,Scoot Henderson,POR,PG,20,66,12.7,3,5.1,1,0.2,1.8,26.7,12.5,10,0.419,0.767,2.7
208,Taylor Hendricks,UTA,PF,21,3,4.7,5,0.7,1.7,1.3,0,25,7.1,3,0.222,0.75,0.7
209,Tyler Herro,MIA,SG,25,77,23.9,5.2,5.5,0.9,0.2,7.4,35.4,19.7,77,0.472,0.878,2.6
210,Buddy Hield,GSW,SG,32,82,11.1,3.2,1.6,0.8,0.3,2.8,22.7,12.3,22,0.417,0.828,1.1
211,Haywood Highsmith,MIA,SF,28,74,6.5,3.4,1.5,0.9,0.5,3.3,24.6,9.9,42,0.458,0.721,0.7
212,Aaron Holiday,HOU,PG,28,62,5.5,1.3,1.3,0.3,0.2,2,12.8,12.2,3,0.437,0.829,0.6
213,Jrue Holiday,BOS,PG,34,62,11.1,4.3,3.9,1.1,0.4,5.1,30.6,13.5,62,0.443,0.909,1.2
214,Ron Holland,DET,SF,19,81,6.4,2.7,1,0.6,0.2,1.8,15.6,11.1,2,0.474,0.754,0.9
215,Richaun Holmes,WAS,PF,31,31,7.4,5.7,1.4,0.3,0.7,2,17.2,19.8,7,0.647,0.833,0.7
216,Chet Holmgren,OKC,C,22,32,15,8,2,0.7,2.2,3.2,27.4,19.2,32,0.49,0.754,1.8
217,Jalen Hood-Schifino,2TM,SG,21,15,7.1,1.8,2.5,0.3,0.5,-0.1,21,7.9,0,0.378,0.857,1.2
218,Al Horford,BOS,C,38,60,9,6.2,2.1,0.6,0.9,4.4,27.7,12.9,42,0.423,0.895,0.8
219,Talen Horton-Tucker,CHI,SG,24,58,6.5,1.7,1.4,0.4,0.2,1.1,12.5,13.8,0,0.457,0.735,0.7
220,Caleb Houstan,ORL,SF,22,58,4.1,1.3,0.6,0.4,0.1,1.8,13.6,9.4,6,0.421,0.882,0.2
221,Jett Howard,ORL,SF,21,60,4.5,1.2,0.7,0.2,0.2,0.1,11.7,7.1,0,0.374,0.696,0.6
222,Kevin Huerter,2TM,SG,26,69,9.9,3,2.3,1,0.3,1.9,24.3,11.3,31,0.425,0.714,1
223,Jay Huff,MEM,C,26,64,6.9,2,0.6,0.3,0.9,2.5,11.7,18.2,2,0.515,0.786,0.5
224,Ariel Hukporti,NYK,C,22,25,1.9,2,0.4,0,0.6,0.1,8.7,7.6,1,0.677,0.462,0.8
225,De'Andre Hunter,2TM,SF,27,64,17,4,1.4,0.8,0.2,4.4,27.2,15.9,9,0.47,0.846,1.3
226,Bones Hyland,2TM,PG,24,24,6.2,1,1.3,0.8,0.2,0.5,10,16,0,0.398,0.885,1
227,Oso Ighodaro,PHO,PF,22,61,4.2,3.6,1.2,0.5,0.5,1.6,17.1,11.1,6,0.604,0.58,0.6
228,Joe Ingles,MIN,SF,37,19,0.8,0.6,1.2,0.1,0,-0.1,6,2.4,1,0.261,,0.5
229,Brandon Ingram,NOP,SF,27,18,22.2,5.6,5.2,0.9,0.6,0,33.1,16,18,0.465,0.855,3.8
230,Harrison Ingram,SAS,SF,22,5,0.8,1.8,0.6,0.6,0,0.1,7,10.9,0,0.5,,0.2
231,Kyrie Irving,DAL,SG,32,50,24.7,4.8,4.6,1.3,0.5,4.6,36.1,19.9,50,0.473,0.916,2.2
232,Jonathan Isaac,ORL,PF,27,71,5.4,4.4,0.6,0.9,1.1,3.4,15.4,16.6,1,0.414,0.682,0.5
233,Jaden Ivey,DET,SG,22,30,17.6,4.1,4,0.9,0.4,1.2,29.9,14.7,30,0.46,0.733,3
234,Andre Jackson Jr.,MIL,SG,23,67,3.4,2.7,1.2,0.5,0.2,1.2,14.6,8.6,43,0.477,0.5,0.9
235,GG Jackson II,MEM,PF,20,29,7.2,3.2,1,0.4,0.2,0.1,15.8,9.3,3,0.372,0.725,1.1
236,Isaiah Jackson,IND,C,23,5,7,5.6,1,0.6,1.6,0.3,16.8,18.2,1,0.609,0.5,1
237,Jaren Jackson Jr.,MEM,C,25,74,22.2,5.6,2,1.2,1.5,6.4,29.8,19.6,74,0.488,0.781,2.1
238,Quenton Jackson,IND,PG,26,28,5.8,1.6,1.9,0.8,0.2,1,13.6,14.7,7,0.475,0.775,0.6
239,Reggie Jackson,PHI,PG,34,31,4.4,1.4,1.5,0.5,0.1,0.1,12.4,9.8,1,0.391,0.778,0.5
240,Trayce Jackson-Davis,GSW,C,24,62,6.6,5,1.7,0.4,0.6,3.4,15.6,18.5,37,0.576,0.578,0.7
241,Bronny James,LAL,SG,20,27,2.3,0.7,0.8,0.3,0.1,-0.2,6.7,7.1,1,0.313,0.786,0.5
242,LeBron James,LAL,SF,40,70,24.4,7.8,8.2,1,0.6,7.7,34.9,22.7,70,0.513,0.782,3.7
243,Jaime Jaquez Jr.,MIA,SF,23,66,8.6,4.4,2.5,0.9,0.2,2.3,20.7,14.3,17,0.461,0.754,1.5
244,DaQuan Jeffries,CHO,SG,27,47,6.7,2.9,1.1,0.6,0.5,0.6,22.8,7.9,20,0.405,0.8,0.7
245,Trey Jemison,2TM,C,25,38,2.5,2.8,0.4,0.2,0.4,0.3,10.3,8.9,0,0.554,0.394,0.6
246,Daniss Jenkins,DET,PG,23,7,1,0.3,0.4,0,0,-0.1,3.3,-0.1,0,0.3,0,0.1
247,Ty Jerome,CLE,SG,27,70,12.5,2.5,3.4,1.1,0,5.9,19.9,21,3,0.516,0.872,1.3
248,Isaiah Joe,OKC,SG,25,74,10.2,2.6,1.6,0.6,0.1,5.1,21.7,14,16,0.44,0.821,0.5
249,AJ Johnson,2TM,SG,20,29,7.6,2,2.6,0.4,0.1,-0.4,22,7.1,11,0.385,0.865,1.2
250,Cameron Johnson,BRK,PF,28,57,18.8,4.3,3.4,0.9,0.4,5.1,31.6,18.2,57,0.475,0.893,1.7
251,Jalen Johnson,ATL,SF,23,36,18.9,10,5,1.6,1,2.4,35.7,17.3,36,0.5,0.746,2.9
252,James Johnson,IND,PF,37,12,0.7,0.5,0.3,0,0.2,-0.1,3.1,0,0,0.364,0,0.3
253,Keldon Johnson,SAS,SF,25,77,12.7,4.8,1.6,0.6,0.3,3.2,23.9,15.6,0,0.482,0.773,1
254,Keon Johnson,BRK,SG,22,79,10.6,3.8,2.2,1,0.4,0.5,24.4,10.4,56,0.389,0.77,1.5
255,Keshad Johnson,MIA,SF,23,16,2.7,1.8,0.3,0.3,0.3,0.4,6.1,19.1,0,0.692,0.444,0.3
256,Nikola Jokić,DEN,C,29,70,29.6,12.7,10.2,1.8,0.6,16.4,36.7,32,70,0.576,0.8,3.3
257,Colby Jones,2TM,SG,22,39,4,2.2,1.1,0.7,0.3,0.6,13.2,11.4,0,0.457,0.657,0.6
258,Derrick Jones Jr.,LAC,SF,27,77,10.1,3.4,0.8,1,0.4,4.7,24.3,13.5,55,0.526,0.703,0.9
259,Dillon Jones,OKC,SF,23,54,2.5,2.2,1.1,0.3,0.1,0.8,10.2,8.1,3,0.383,0.607,0.5
260,Herbert Jones,NOP,SF,26,20,10.3,3.9,3.3,1.9,0.5,0.4,32.4,10.4,20,0.436,0.825,1.8
261,Isaac Jones,SAC,PF,24,40,3.4,1.4,0.3,0.1,0.3,0.7,7.6,15.2,0,0.651,0.639,0.4
262,Kai Jones,2TM,C,24,40,5,3.1,0.6,0.4,0.6,2.1,11.7,20.2,6,0.798,0.719,0.5
263,Mason Jones,SAC,SG,26,10,2.3,0.9,1.1,0,0.1,0.2,4.5,20.6,0,0.5,0.8,0.1
264,Spencer Jones,DEN,SF,23,20,1.3,0.9,0.3,0.3,0.3,-0.1,6.3,4.5,0,0.324,1,0.3
265,Tre Jones,2TM,PG,25,46,7.2,2.5,4.2,0.8,0.2,2.9,19.7,16.3,9,0.538,0.821,0.8
266,Tyus Jones,PHO,PG,28,81,10.2,2.4,5.3,0.9,0.1,4.4,26.8,14.5,58,0.448,0.895,1.1
267,DeAndre Jordan,DEN,C,36,56,3.7,5.1,0.9,0.3,0.5,1.8,12.3,15.4,5,0.65,0.422,0.7
268,Cory Joseph,ORL,PG,33,50,3.5,1.5,1.4,0.5,0.1,1.5,12.2,10.9,16,0.403,0.778,0.4
269,Nikola Jović,MIA,PF,21,46,10.7,3.9,2.8,0.8,0.3,2.5,25.1,13.8,10,0.456,0.828,1.3
270,Johnny Juzang,UTA,SG,23,64,8.9,2.9,1.1,0.6,0.1,1.6,19.8,11.8,18,0.429,0.849,0.6
271,Yuki Kawamura,MEM,PG,23,22,1.6,0.5,0.9,0.1,0,0.2,4.2,11,0,0.367,0.778,0.2
272,Kylor Kelley,2TM,C,27,11,3.1,3.5,0.5,0.1,0.3,0.3,11.5,12.1,2,0.636,0.6,0.4
273,Luke Kennard,MEM,SG,28,65,8.9,2.8,3.3,0.8,0.1,3.9,22.6,13.6,11,0.478,0.895,1.1
274,Walker Kessler,UTA,C,23,58,11.1,12.2,1.7,0.6,2.4,5.4,30,20,58,0.663,0.52,1.5
275,Braxton Key,GSW,SF,27,3,1,0.7,0,0.7,0,-0.1,3.7,1.1,0,0,0.5,0.3
276,Corey Kispert,WAS,SF,25,61,11.6,3,1.7,0.4,0.2,1.1,26.3,11,0,0.451,0.852,1
277,Maxi Kleber,DAL,PF,33,34,3,2.8,1.3,0.3,0.5,0.3,18.7,5.6,4,0.385,0.762,0.7
278,Bobi Klintman,DET,SF,21,8,1.9,0.9,0.9,0.3,0.1,0.2,5.3,15.9,0,0.6,0.5,0.1
279,Dalton Knecht,LAL,SF,23,78,9.1,2.8,0.8,0.3,0.1,2.7,19.2,12.7,16,0.461,0.762,0.5
280,Kevin Knox,GSW,SF,25,14,3.3,1.2,0.4,0.1,0.3,0.2,6,17.1,0,0.5,0.75,0.3
281,Tyler Kolek,NYK,PG,23,41,2,0.7,1.7,0.3,0.1,0.4,7.2,10.3,0,0.329,0.765,0.4
282,Christian Koloko,LAL,C,24,37,2.4,2.5,0.4,0.2,0.4,0.9,9.2,13,0,0.606,0.714,0.3
283,John Konchar,MEM,SG,28,46,2.4,3.3,0.9,0.7,0.3,1.5,12.1,12.1,4,0.451,0.875,0.3
284,Luke Kornet,BOS,C,29,73,6,5.3,1.6,0.5,1,7,18.6,19.6,16,0.668,0.691,0.4
285,Vit Krejci,ATL,PG,24,57,7.2,2.7,2.6,0.6,0.5,2.6,20.2,12.7,16,0.497,0.711,0.9
286,Jonathan Kuminga,GSW,PF,22,47,15.3,4.6,2.2,0.8,0.4,1.9,24.3,15.7,10,0.454,0.668,1.5
287,Kyle Kuzma,2TM,PF,29,65,14.8,5.7,2.3,0.6,0.3,-0.9,29.8,10.6,62,0.436,0.634,2.2
288,Skal Labissière,SAC,PF,28,4,1.3,0.8,0.3,0,0,0,3,15.9,0,0.5,,0
289,Jock Landale,HOU,C,29,42,4.8,3.3,0.9,0.3,0.2,1.7,11.9,16,3,0.533,0.675,0.5
290,Jake LaRavia,2TM,PF,23,66,6.9,3.9,2.4,0.9,0.3,2.9,20.4,12.6,0,0.475,0.678,1.3
291,Pelle Larsson,MIA,SG,23,55,4.6,1.7,1.2,0.6,0.1,1.4,14.2,10.2,8,0.438,0.672,0.4
292,Zach LaVine,2TM,SF,29,74,23.3,4.3,4.2,0.8,0.2,5.1,35.2,17.3,74,0.511,0.825,2.8
293,A.J. Lawson,TOR,SG,24,26,9.1,3.3,1.2,0.5,0.2,0.8,18.7,12.7,2,0.421,0.683,0.6
294,Damion Lee,PHO,SG,32,25,3.3,0.8,0.4,0.2,0,-0.1,5.8,11.9,0,0.365,0.952,0.4
295,Alex Len,2TM,C,31,46,1.6,2.1,0.8,0.2,0.5,0.7,8.3,10.6,7,0.508,0.471,0.4
296,Kawhi Leonard,LAC,SF,33,37,21.5,5.9,3.1,1.6,0.5,3.5,31.9,20.5,37,0.498,0.81,1.9
297,Malevy Leons,OKC,SF,25,6,0.3,0.5,0.2,0,0,0,3.5,-2.3,0,0,0.5,0.2
298,Caris LeVert,2TM,SG,30,64,12.1,3.2,3.4,0.9,0.5,4,24.9,15.2,3,0.467,0.71,1.2
299,Maxwell Lewis,2TM,SF,22,28,4.1,2,0.7,0.3,0.3,0.2,11.7,9.9,1,0.417,0.7,0.5
300,E.J. Liddell,CHI,PF,24,12,1.8,0.8,0.3,0.1,0.1,0.1,4.4,11.1,0,0.533,1,0.2
301,Damian Lillard,MIL,PG,34,58,24.9,4.7,7.1,1.2,0.2,7.6,36.1,21.3,58,0.448,0.921,2.8
302,Dereck Lively II,DAL,C,20,36,8.7,7.5,2.4,0.6,1.6,3.4,23.1,20.1,29,0.702,0.63,1.1
303,Chris Livingston,MIL,SF,21,21,1.4,1.7,0.2,0.2,0,0.1,5,9.8,1,0.333,0.75,0.3
304,Kevon Looney,GSW,C,28,76,4.5,6.1,1.6,0.6,0.5,4.3,15,17,6,0.514,0.566,0.5
305,Brook Lopez,MIL,C,36,80,13,5,1.8,0.6,1.9,6.6,31.8,14.8,80,0.509,0.826,1.1
306,Kevin Love,MIA,PF,36,23,5.3,4.1,1,0.7,0.2,0.4,10.9,16.2,9,0.357,0.696,0.6
307,Kyle Lowry,PHI,PG,38,35,3.9,1.9,2.7,0.9,0.3,1,18.8,9.8,12,0.35,0.818,0.6
308,Trey Lyles,SAC,PF,29,69,6.5,4.6,1.2,0.6,0.3,2.6,19.6,12.3,5,0.42,0.7,0.6
309,Sandro Mamukelashvili,SAS,PF,25,61,6.3,3.1,0.8,0.4,0.3,2.2,11.2,19.7,0,0.502,0.741,0.4
310,Terance Mann,2TM,SG,28,67,7.7,3,1.8,0.7,0.2,3,21.1,12,13,0.496,0.691,0.7
311,Tre Mann,CHO,PG,23,13,14.1,2.9,3,0.5,0.3,0.1,24.5,13.3,0,0.435,0.905,1.9
312,Lauri Markkanen,UTA,PF,27,47,19,5.9,1.5,0.7,0.4,2.2,31.4,15.6,47,0.423,0.876,1.4
313,Naji Marshall,DAL,SF,27,69,13.2,4.8,3,1,0.2,3.5,27.8,15.1,31,0.508,0.813,1.6
314,Caleb Martin,2TM,SF,29,45,7.9,3.9,2.1,1,0.5,0.6,27.1,9.6,24,0.424,0.622,1.2
315,Cody Martin,2TM,SF,29,53,6.8,4.2,2,1.1,0.6,1.3,22.1,11.3,8,0.418,0.705,1
316,Jaylen Martin,2TM,SF,21,16,4.9,2.8,1.1,0.6,0,0,14.9,9.1,0,0.419,0.9,0.8
317,KJ Martin,2TM,PF,24,43,6.4,2.9,1.1,0.4,0.5,1.3,21.2,10.2,16,0.552,0.787,0.6
318,Tyrese Martin,BRK,SG,25,60,8.7,3.7,2,0.6,0.2,0.9,21.9,10.9,11,0.406,0.793,1.2
319,Garrison Mathews,ATL,SG,28,47,7.5,1.9,1.3,0.6,0.3,1.5,17.7,11.2,2,0.397,0.821,0.7
320,Bennedict Mathurin,IND,SF,22,72,16.1,5.3,1.9,0.7,0.3,3,29.8,13.6,49,0.458,0.831,1.9
321,Karlo Matković,NOP,PF,23,42,7.7,5,1.1,0.5,1,1.6,18.8,15.6,7,0.574,0.773,1
322,Tyrese Maxey,PHI,PG,24,52,26.3,3.3,6.1,1.8,0.4,3.8,37.7,19.5,52,0.437,0.879,2.4
323,Miles McBride,NYK,PG,24,64,9.5,2.5,2.9,1,0.3,3.2,24.9,12.6,10,0.406,0.813,0.6
324,Jared McCain,PHI,SG,20,23,15.3,2.4,2.6,0.7,0,0.7,25.7,15.2,8,0.46,0.875,1.6
325,Mac McClung,ORL,SG,26,2,0,0.5,1.5,0,0,0,5,-0.3,0,0,,0
326,CJ McCollum,NOP,PG,33,56,21.1,3.8,4.1,0.8,0.4,1.5,32.7,15.8,56,0.444,0.717,1.9
327,T.J. McConnell,IND,PG,32,79,9.1,2.4,4.4,1.1,0.3,3.2,17.9,18.4,1,0.519,0.74,1.4
328,Kevin McCullar Jr.,NYK,SF,23,4,1.5,2,0.5,0.3,0.3,0,7.3,6.7,0,0.286,1,0
329,Jaden McDaniels,MIN,PF,24,82,12.2,5.7,2,1.3,0.9,6.3,31.9,13.3,82,0.477,0.813,1.2
330,Jalen McDaniels,WAS,SF,27,4,0,0,0.3,0.3,0,0,1.8,10.9,0,,,0
331,Doug McDermott,SAC,SF,33,42,3.5,0.5,0.2,0.1,0,0.4,8.1,9.5,3,0.427,0.6,0.1
332,Bryce McGowens,POR,SG,22,13,1,0.2,0.2,0.1,0,-0.1,2.5,1.7,0,0.286,0.833,0.3
333,Jordan McLaughlin,2TM,PG,28,46,2.1,0.7,1.1,0.3,0,0.6,6.8,12.3,0,0.431,0.773,0.3
334,Jack McVeigh,HOU,PF,28,9,1.6,0.6,0.1,0,0.2,0,4.8,4,0,0.294,,0.2
335,De'Anthony Melton,GSW,SG,26,6,10.3,3.3,2.8,1.2,0.3,0.2,20.2,13.3,2,0.407,0.625,1.7
336,Sam Merrill,CLE,SG,28,71,7.2,2.2,1.5,0.7,0.2,3.3,19.7,11.1,4,0.406,0.966,0.5
337,Vasilije Micić,2TM,PG,31,41,6.6,2.2,3.1,0.4,0,-1,19.1,6.5,16,0.348,0.829,1.9
338,Khris Middleton,2TM,SF,33,37,11.9,3.7,4.1,0.9,0.2,2,22.8,16.7,21,0.475,0.857,1.5
339,Brandon Miller,CHO,SF,22,27,21,4.9,3.6,1.1,0.7,0.4,34.2,14,27,0.403,0.861,2.8
340,Emanuel Miller,CHI,PF,24,6,1.7,1.3,0.3,0.2,0,0.1,4.2,18.1,0,0.5,1,0
341,Jordan Miller,LAC,SF,25,37,4.1,1.6,0.9,0.5,0.1,0.4,11.4,10.5,0,0.433,0.8,0.7
342,Leonard Miller,MIN,SF,21,13,1.5,0.8,0,0.2,0.1,0.1,2.5,19.9,0,0.4,1,0.2
343,Dariq Whitehead,BRK,SF,20,20,5.7,1.5,0.6,0.3,0.1,0.1,12.3,9.4,0,0.406,0.6,0.8
344,Patty Mills,2TM,PG,36,29,3.8,0.8,0.9,0.4,0.1,0.1,11.1,8.4,0,0.375,0.929,0.6
345,Shake Milton,2TM,SG,28,57,5.5,1.8,1.8,0.4,0.1,1.3,14.7,11.9,2,0.453,0.797,0.7
346,Justin Minaya,POR,SF,25,19,0.9,0.5,0.4,0.3,0.1,0,5.3,5,0,0.381,0,0.3
347,Riley Minix,SAS,SF,24,1,0,2,0,0,0,0,7,-1.7,0,0,,0
348,Josh Minott,MIN,SF,22,46,2.6,1,0.4,0.3,0.3,0.9,6,15.5,0,0.489,0.895,0.2
349,Yves Missi,NOP,C,20,73,9.1,8.2,1.4,0.5,1.3,3.6,26.8,15.4,67,0.547,0.623,1.1
350,Ajay Mitchell,OKC,SG,22,36,6.5,1.9,1.8,0.7,0.1,1.5,16.6,12,1,0.495,0.829,0.8
351,Davion Mitchell,2TM,PG,26,74,7.9,2.3,4.9,1,0.2,3,27.4,10.2,37,0.468,0.69,1.7
352,Donovan Mitchell,CLE,SG,28,71,24,4.5,5,1.3,0.2,7.6,31.4,20.9,71,0.443,0.823,2.1
353,Evan Mobley,CLE,PF,23,71,18.5,9.3,3.2,0.9,1.6,9,30.5,22.3,71,0.557,0.725,2
354,Isaiah Mobley,PHI,PF,25,1,6,4,5,1,1,0,17,17.2,0,0.286,0.5,0
355,Jonathan Mogbo,TOR,PF,23,63,6.2,4.9,2.3,0.9,0.5,1.9,20.4,11.9,18,0.438,0.732,1.1
356,Malik Monk,SAC,SG,26,65,17.2,3.8,5.6,0.9,0.6,2.8,31.6,15,45,0.439,0.865,2.4
357,Moses Moody,GSW,SG,22,74,9.8,2.6,1.3,0.8,0.4,3.5,22.3,12.4,34,0.433,0.797,0.7
358,Taze Moore,POR,SG,26,2,3,4,0.5,1,0,-0.1,10,7.1,0,0.2,0.5,1
359,Wendell Moore Jr.,2TM,SG,23,36,4.2,2.6,1.2,0.6,0.1,0.7,13.9,11,1,0.468,0.818,0.8
360,Ja Morant,MEM,PG,25,50,23.2,4.1,7.3,1.2,0.2,3.5,30.4,19.3,50,0.454,0.824,3.7
361,Markieff Morris,2TM,PF,35,15,3.7,1.5,1.4,0.1,0.2,-0.2,11,6,2,0.3,0.833,0.3
362,Monte Morris,PHO,PG,29,45,5.2,1.5,1.6,0.4,0.1,0.8,12.7,13.1,0,0.426,0.857,0.5
363,Trey Murphy III,NOP,SF,24,53,21.2,5.1,3.5,1.1,0.7,3.5,35,17.3,51,0.454,0.887,1.9
364,Dejounte Murray,NOP,PG,28,31,17.5,6.5,7.4,2,0.4,0.2,32.6,15.4,31,0.393,0.823,3.4
365,Jamal Murray,DEN,PG,27,67,21.4,3.9,6,1.4,0.5,6.2,36.1,17.8,67,0.474,0.886,2.1
366,Keegan Murray,SAC,PF,24,76,12.4,6.7,1.4,0.8,0.9,4.4,34.3,12,76,0.444,0.833,0.8
367,Kris Murray,POR,SF,24,69,4.2,2.6,1,0.5,0.2,0.7,15.1,9.1,6,0.419,0.456,0.6
368,Svi Mykhailiuk,UTA,SF,27,38,8.8,2.4,2,0.5,0.2,-0.1,20,9.8,13,0.391,0.8,1.4
369,Larry Nance Jr.,ATL,PF,32,24,8.5,4.3,1.6,0.8,0.5,1.3,19.3,16,3,0.516,0.692,0.7
370,Pete Nance,2TM,PF,24,13,2.9,1.6,0.8,0.2,0.2,0.2,10.6,8.5,1,0.438,0.5,0.3
371,Andrew Nembhard,IND,SG,25,65,10,3.3,5,1.2,0.2,2.8,28.9,11.7,65,0.458,0.794,1.7
372,Aaron Nesmith,IND,SF,25,45,12,4,1.2,0.8,0.4,2.9,25,14.6,37,0.507,0.913,0.8
373,Tristen Newton,2TM,SG,23,8,0.4,0.5,0.3,0.1,0,-0.1,2,-6.1,0,0.125,1,0.3
374,Georges Niang,2TM,PF,31,79,9.9,3.4,1.4,0.4,0.2,2.9,21.5,11.2,3,0.461,0.793,1
375,Daishen Nix,MIN,PG,22,3,0.3,1.3,1,0,0,-0.1,4.3,-7,0,0,0.5,1.3
376,Zeke Nnaji,DEN,PF,24,57,3.2,1.6,0.4,0.4,0.7,1.2,10.7,12,4,0.496,0.614,0.2
377,Miles Norris,BOS,PF,24,3,2.3,3,0,0.7,0.3,0,11.7,8.5,0,0.222,0.5,0
378,Jaylen Nowell,NOP,SG,25,8,8.4,2.5,2.3,0.1,0.5,-0.2,21,7.5,0,0.356,0.636,1
379,Jusuf Nurkić,2TM,C,30,51,8.9,7.8,2.3,0.8,0.7,1.5,20.8,15.2,32,0.477,0.664,1.9
380,Royce O'Neale,PHO,SF,31,75,9.1,4.7,2.2,0.9,0.5,2.8,24.5,12.6,22,0.423,0.731,0.9
381,Jahlil Okafor,IND,C,29,1,0,1,1,0,0,0,3,13.8,0,,,0
382,Chuma Okeke,2TM,PF,26,9,5.9,5.2,1.7,0.6,0.4,0.6,21.8,15.3,3,0.5,0.667,0.3
383,Josh Okogie,2TM,SG,26,40,7.1,2.8,0.8,1.2,0.5,1.3,15.6,16.3,7,0.443,0.741,0.8
384,Onyeka Okongwu,ATL,C,24,74,13.4,8.9,2.3,0.9,0.9,7.2,27.9,19,40,0.567,0.759,1.2
385,Isaac Okoro,CLE,SG,24,55,6.1,2.4,1.2,0.6,0.3,2.5,19.1,10.7,22,0.464,0.717,0.4
386,Quincy Olivari,LAL,PG,23,2,1.5,0,0.5,0,0,-0.1,5,-5.2,0,0.2,,0.5
387,Kelly Olynyk,2TM,C,33,44,8.7,4.7,2.9,0.8,0.4,1.7,20.3,14.9,22,0.5,0.769,1.7
388,Kelly Oubre Jr.,PHI,SF,29,60,15.1,6.1,1.8,1.5,0.5,2.6,34.6,13.5,57,0.47,0.751,1.3
389,Chris Paul,SAS,PG,39,82,8.8,3.6,7.4,1.3,0.3,5.7,28,14.7,82,0.427,0.924,1.6
390,Cameron Payne,NYK,PG,30,72,6.9,1.4,2.8,0.5,0.2,2.3,15.1,13.8,5,0.401,0.907,0.7
391,Elfrid Payton,2TM,PG,30,24,3.5,3.3,6.9,1,0.5,-0.6,21.3,8.5,9,0.328,0.571,2.5
392,Gary Payton II,GSW,SG,32,62,6.5,3,1.3,0.8,0.3,3,15,16.2,11,0.574,0.711,0.6
393,Drew Peterson,BOS,PF,25,25,2.2,1.6,0.5,0.2,0.1,0.4,7.4,10.5,1,0.415,0.778,0.3
394,Julian Phillips,CHI,SF,21,79,4.6,2.1,0.5,0.5,0.3,1.9,14.2,10.2,5,0.446,0.789,0.3
395,Jalen Pickett,DEN,SG,25,49,4.1,1.4,2.2,0.4,0.1,1.1,13.6,10.9,4,0.428,0.75,0.5
396,Scotty Pippen Jr.,MEM,PG,24,79,9.9,3.3,4.4,1.3,0.4,4.7,21.3,15.8,21,0.48,0.713,1.7
397,Daeqwon Plowden,ATL,SG,26,6,7.2,1.8,0.3,0,0,0.2,12,16.1,0,0.64,1,0.7
398,Mason Plumlee,PHO,C,34,74,4.5,6.1,1.8,0.4,0.6,3.7,17.6,14.8,21,0.619,0.648,0.8
399,Brandin Podziemski,GSW,SG,21,64,11.7,5.1,3.4,1.1,0.2,4.2,26.8,14.4,33,0.445,0.758,1.2
400,Jakob Poeltl,TOR,C,29,57,14.5,9.6,2.8,1.2,1.2,5.5,29.6,20,56,0.627,0.674,1.9
401,Jordan Poole,WAS,SG,25,68,20.5,3,4.5,1.3,0.4,2,29.4,16.6,68,0.432,0.883,3
402,Craig Porter Jr.,CLE,PG,24,51,3.7,1.3,1.4,0.3,0.3,1.1,10.1,13.1,1,0.514,0.719,0.7
403,Kevin Porter Jr.,2TM,SG,24,75,10.3,3.7,3.4,1.1,0.2,2.2,19.8,15.4,4,0.449,0.769,1.8
404,Michael Porter Jr.,DEN,SF,26,77,18.2,7,2.1,0.6,0.5,6.4,33.7,16.2,77,0.504,0.768,1.4
405,Bobby Portis,MIL,PF,29,49,13.9,8.4,2.1,0.7,0.5,2.7,25.4,17.7,7,0.466,0.836,1.2
406,Kristaps Porziņģis,BOS,C,29,42,19.5,6.8,2.1,0.7,1.5,5.3,28.8,22.3,42,0.483,0.809,1.3
407,Quinten Post,GSW,PF,24,42,8.1,3.5,1.3,0.4,0.4,1.7,16.3,14.2,14,0.449,0.778,0.8
408,Micah Potter,UTA,C,26,38,4.3,4.3,0.8,0.4,0.4,0.4,18.6,8.5,10,0.422,0.85,0.8
409,Dwight Powell,DAL,C,33,55,2.1,2.1,1,0.3,0.4,1.7,10,12.9,3,0.689,0.651,0.3
410,Norman Powell,LAC,SG,31,60,21.8,3.2,2.1,1.2,0.2,5.3,32.6,17.5,60,0.484,0.804,1.8
411,Taurean Prince,MIL,SF,30,80,8.2,3.6,1.9,1,0.2,3.5,27.1,9.8,73,0.457,0.813,1
412,Payton Pritchard,BOS,PG,27,80,14.3,3.8,3.5,0.9,0.2,8.6,28.4,17.6,3,0.472,0.845,1
413,Olivier-Maxence Prosper,DAL,PF,22,52,3.9,2.4,0.8,0.5,0.1,0.9,11.2,12.6,4,0.402,0.645,0.3
414,Zyon Pullin,MEM,SG,23,3,0,0,0,0,0,0,1,-11.7,0,0,,0
415,Trevelin Queen,ORL,SG,27,31,4.9,1.7,1.2,1,0.3,0.7,13.9,11.9,2,0.381,0.857,0.7
416,Neemias Queta,BOS,C,25,62,5,3.8,0.7,0.3,0.7,3.2,13.9,16.3,6,0.65,0.754,0.6
417,Immanuel Quickley,TOR,PG,25,33,17.1,3.5,5.8,0.7,0.1,2.5,27.8,17.5,33,0.42,0.867,1.8
418,Lester Quiñones,2TM,SG,24,13,6.6,1.5,1.8,0.2,0.2,-0.1,14.1,9.5,0,0.397,0.846,1.1
419,Julius Randle,MIN,PF,30,69,18.7,7.1,4.7,0.7,0.2,6.2,32.3,17.5,69,0.485,0.806,2.8
420,Duop Reath,POR,C,28,46,4.2,2,0.6,0.3,0.3,1,10.2,13.7,0,0.422,0.909,0.3
421,Austin Reaves,LAL,SG,26,73,20.2,4.5,5.8,1.1,0.3,7.6,34.9,18.1,73,0.46,0.877,2.4
422,Cam Reddish,LAL,SF,25,33,3.2,2,0.7,1,0.3,0.7,17.8,7.4,8,0.404,0.615,0.4
423,Paul Reed,DET,C,25,45,4.1,2.7,1,0.9,0.6,1.6,9.7,18.6,0,0.507,0.762,0.6
424,Alex Reese,2TM,PF,25,15,5.1,3.1,0.3,0.7,0.7,0.5,14.4,14,0,0.481,0.75,0.4
425,Antonio Reeves,NOP,SG,24,44,6.9,1.4,0.9,0.5,0.1,0.4,15,11.7,6,0.456,0.8,0.7
426,Naz Reid,MIN,C,25,80,14.2,6,2.3,0.7,0.9,5.7,27.5,15.8,17,0.462,0.776,1.4
427,Jared Rhoden,2TM,SG,25,14,8.4,3,1.1,0.7,0.1,0.6,16.2,16.4,2,0.483,0.88,0.6
428,Nick Richards,2TM,C,27,57,9.3,8.2,0.9,0.2,1,3,22,16.6,43,0.591,0.744,1.4
429,Josh Richardson,MIA,SG,31,8,4,1.5,1.5,1,0.1,-0.1,18.8,4.4,0,0.289,1,1
430,Zaccharie Risacher,ATL,SF,19,75,12.6,3.6,1.2,0.7,0.5,1.8,24.6,12.2,73,0.458,0.711,1.2
431,Liam Robbins,MIL,C,25,13,0.7,0.9,0.2,0.2,0.2,-0.1,4.4,2.6,0,0.25,0.5,0.5
432,Duncan Robinson,MIA,SF,30,74,11,2.3,2.4,0.5,0.1,2.7,24.1,11.8,37,0.437,0.887,1.2
433,Mitchell Robinson,NYK,C,26,17,5.1,5.9,0.8,0.9,1.1,1.3,17.1,20.4,3,0.661,0.684,0.6
434,Orlando Robinson,2TM,C,24,44,6.9,5,1.8,0.4,0.4,1.2,17.5,12.9,8,0.444,0.771,1.1
435,Jeremiah Robinson-Earl,NOP,PF,24,66,6.3,4.8,1.3,0.6,0.1,1.7,18.8,12.9,9,0.455,0.836,0.8
436,David Roddy,3TM,PF,23,33,4.6,2.5,1.1,0.4,0.3,0.5,12.4,11.9,3,0.456,0.769,0.7
437,Ryan Rollins,MIL,PG,22,56,6.2,1.9,1.9,0.8,0.3,1.7,14.6,14,19,0.487,0.8,0.9
438,Jackson Rowe,GSW,PF,28,6,3.7,1.8,0.7,0.7,0,0.2,8.7,15.9,0,0.471,0.5,0.2
439,Terry Rozier,MIA,PG,30,64,10.6,3.7,2.6,0.6,0.2,1,25.9,10.5,23,0.391,0.852,1.2
440,Rayan Rupert,POR,SG,20,52,3,1.3,0.5,0.3,0.1,0.1,8.8,8.1,0,0.408,0.767,0.6
441,D'Angelo Russell,2TM,PG,28,58,12.6,2.8,5.1,1,0.4,1.9,25.5,14,36,0.39,0.834,1.9
442,Matt Ryan,NYK,SF,27,19,1.5,0.4,0.2,0.1,0,-0.1,3.6,6.1,0,0.323,1,0.2
443,Domantas Sabonis,SAC,C,28,70,19.1,13.9,6,0.7,0.4,10.1,34.7,22.9,70,0.59,0.754,2.9
444,Tidjane Salaün,CHO,PF,19,60,5.9,4.7,1.2,0.5,0.2,0,20.7,7.7,10,0.33,0.713,1
445,Adama Sanogo,CHI,C,22,4,2,1.5,0.3,0,0,0,5.3,15.2,0,0.571,,0.3
446,Gui Santos,GSW,PF,22,56,4.1,3.1,1.4,0.4,0.2,1.7,13.6,11.7,2,0.458,0.69,0.8
447,Dario Šarić,DEN,C,30,16,3.5,3.1,1.4,0.4,0.1,0,13.1,7.7,4,0.362,0.7,0.9
448,Alex Sarr,WAS,C,19,67,13,6.5,2.4,0.7,1.5,-0.3,27.1,12.9,67,0.394,0.679,1.7
449,Marcus Sasser,DET,PG,24,57,6.6,1.2,2.3,0.6,0.1,1.8,14.2,14,1,0.463,0.843,0.9
450,Baylor Scheierman,BOS,SG,24,31,3.6,2.1,1.1,0.5,0.1,0.7,12.4,10.3,2,0.355,0.75,0.4
451,Dennis Schröder,3TM,PG,31,75,13.1,2.6,5.4,0.9,0.2,3.2,28.1,12.7,49,0.406,0.838,1.9
452,Alperen Şengün,HOU,C,22,76,19.1,10.3,4.9,1.1,0.8,8.3,31.5,21.4,76,0.496,0.692,2.6
453,Brice Sensabaugh,UTA,SF,21,71,10.9,3,1.5,0.6,0.1,1.2,20.2,13.4,15,0.459,0.89,1.5
454,Collin Sexton,UTA,SG,26,63,18.4,2.7,4.2,0.7,0.1,2.4,27.9,16.6,61,0.48,0.865,2.5
455,Landry Shamet,NYK,SG,27,50,5.7,1.2,0.5,0.5,0,1,15.2,9.7,0,0.461,0.667,0.4
456,Terrence Shannon Jr.,MIN,SG,24,32,4.3,1.5,1,0.2,0.2,0.6,10.6,11.9,1,0.482,0.81,0.5
457,Day'Ron Sharpe,BRK,C,23,50,7.9,6.6,1.8,0.8,0.8,2.7,18.1,19.7,2,0.521,0.757,1.3
458,Shaedon Sharpe,POR,SG,21,72,18.5,4.5,2.8,0.9,0.2,3,31.3,14.5,52,0.452,0.785,2.1
459,Jamal Shead,TOR,PG,22,75,7.1,1.5,4.2,0.8,0.1,0.8,19.6,9.9,11,0.405,0.768,1.6
460,Ben Sheppard,IND,SG,23,63,5.3,2.8,1.3,0.6,0.2,2.1,19.5,9.2,9,0.418,0.889,0.3
461,Reed Sheppard,HOU,PG,20,52,4.4,1.5,1.4,0.7,0.3,0.8,12.6,9.7,3,0.351,0.813,0.7
462,Pascal Siakam,IND,PF,30,78,20.2,6.9,3.4,0.9,0.5,7.5,32.7,19.2,78,0.519,0.734,1.4
463,Ben Simmons,2TM,PG,28,51,5,4.7,5.6,0.7,0.5,1.8,22,12.4,24,0.52,0.727,2
464,Anfernee Simons,POR,SG,25,70,19.3,2.7,4.8,0.9,0.1,4.2,32.7,14.9,70,0.426,0.902,2
465,KJ Simpson,CHO,PG,22,36,7.8,3,3.1,0.9,0.2,-0.4,23.4,8.3,15,0.346,0.82,1.6
466,Jaylen Sims,CHO,SG,26,6,7,1,2,0.5,0.2,0.1,18.7,9.8,0,0.429,0.8,1.3
467,Jericho Sims,2TM,C,26,53,1.8,3.7,0.6,0.2,0.4,1.3,11.9,10,5,0.634,0.615,0.6
468,Marcus Smart,2TM,PG,30,34,9,2.1,3.2,1.1,0.3,0.7,20,12.4,7,0.393,0.761,1.6
469,Dru Smith,MIA,SG,27,14,6.2,2.6,1.6,1.5,0.4,0.7,19.1,13.3,1,0.508,0.75,1.2
470,Jabari Smith Jr.,HOU,PF,21,57,12.2,7,1.1,0.4,0.7,4.2,30.1,12.6,39,0.438,0.825,1.1
471,Jalen Smith,CHI,C,24,64,8.2,5.6,1,0.3,0.7,2.9,15,18.7,2,0.466,0.809,0.6
472,Nick Smith Jr.,CHO,SG,20,60,9.9,2.1,2.4,0.3,0.1,-0.5,22.8,8.3,27,0.391,0.935,1.4
473,Tolu Smith,DET,PF,24,1,14,8,0,0,0,0.1,22,19.5,0,0.667,0.667,2
474,Tyler Smith,MIL,PF,20,23,2.9,1.1,0.2,0.1,0.2,0.2,5.3,15.2,0,0.48,0.75,0.3
475,Jeremy Sochan,SAS,PF,21,54,11.4,6.5,2.4,0.8,0.5,2.7,25.3,15.9,23,0.535,0.696,1.6
476,Cam Spencer,MEM,SG,24,25,4.2,1.2,1.4,0.4,0,0.8,10.1,14.2,1,0.415,1,0.2
477,Pat Spencer,GSW,PG,28,39,2.5,1.2,1.2,0.4,0.1,0.3,6.4,12.6,0,0.406,0.733,0.5
478,Jaden Springer,2TM,SG,22,43,2.5,1.3,0.8,0.6,0.1,0.5,8.5,10.7,2,0.389,0.711,0.4
479,Isaiah Stevens,MIA,PG,24,3,0,0.7,0,0.3,0,0,2,0.1,0,0,,0
480,Lamar Stevens,MEM,PF,27,17,4.4,2.2,0.5,0.3,0.2,0.2,9.1,11.5,1,0.46,0.727,0.6
481,Isaiah Stewart,DET,C,23,72,6,5.5,1.7,0.4,1.4,4.3,19.9,14.6,4,0.559,0.759,0.9
482,Julian Strawther,DEN,SG,22,65,9,2.2,1.3,0.6,0.2,1.3,21.3,9.5,4,0.432,0.822,0.9
483,Max Strus,CLE,SF,28,50,9.4,4.3,3.2,0.5,0.2,3.4,25.5,12.6,37,0.442,0.824,1.1
484,Jalen Suggs,ORL,PG,23,35,16.2,4,3.7,1.5,0.9,1.1,28.6,14.4,35,0.41,0.882,2.9
485,Cole Swider,2TM,SF,25,10,5.9,2.7,0.3,0.4,0.2,0,16.9,6.5,0,0.349,0,0.4
486,Jae'Sean Tate,HOU,SF,29,52,3.6,2.3,0.9,0.5,0.1,1.6,11.3,12.3,2,0.473,0.681,0.4
487,Jayson Tatum,BOS,PF,26,72,26.8,8.7,6,1.1,0.5,9.5,36.4,21.7,72,0.452,0.814,2.9
488,Terry Taylor,SAC,PF,25,3,0,0.3,0.7,0,0,0,2,9.8,0,0,,0
489,Garrett Temple,TOR,SG,38,28,1.9,1,1.1,0.6,0.1,0.2,8.1,8.5,0,0.3,0.917,0.4
490,Dalen Terry,CHI,SG,22,73,4.5,1.7,1.3,0.6,0.2,1.1,13.5,9.6,5,0.448,0.71,0.7
491,Daniel Theis,NOP,C,32,38,4.3,4.3,1.6,0.5,0.5,1,16.3,12.1,9,0.473,0.838,0.7
492,Cam Thomas,BRK,SG,23,25,24,3.3,3.8,0.6,0.1,1.2,31.2,18,23,0.438,0.881,2.5
493,Amen Thompson,HOU,SF,22,69,14.1,8.2,3.8,1.4,1.3,8,32.2,18.7,42,0.557,0.684,2
494,Ausar Thompson,DET,SF,22,59,10.1,5.1,2.3,1.7,0.7,3.8,22.5,17.2,48,0.535,0.641,1.4
495,Klay Thompson,DAL,SF,34,72,14,3.4,2,0.7,0.4,1.8,27.3,12.9,72,0.412,0.905,1.2
496,Tristan Thompson,CLE,C,33,40,1.7,3.4,0.6,0.1,0.3,0.4,8.2,9.1,0,0.437,0.233,0.4
497,JT Thor,2TM,PF,22,20,3.6,2.4,0.3,0.4,0.5,0.2,12.5,10,0,0.424,0.682,0.5
498,Matisse Thybulle,POR,SG,27,15,7.5,3.5,1.9,2.2,0.6,0.9,20.8,17,5,0.477,0.467,0.9
499,Xavier Tillman Sr.,BOS,C,26,33,1,1.3,0.2,0.3,0.2,-0.3,7,2.4,2,0.245,0.75,0.4
500,Drew Timme,BRK,PF,24,9,12.1,7.2,2.2,0.4,0.1,0,28.2,11,2,0.441,0.625,1.7
501,Nae'Qwan Tomlin,CLE,PF,24,5,7.2,4.2,0.4,0,0.2,0.1,12.6,14.4,1,0.406,0.727,0.4
502,Jacob Toppin,2TM,SF,24,17,1.4,0.9,0.4,0.1,0,0,4.5,9.2,0,0.409,,0.2
503,Obi Toppin,IND,PF,26,79,10.5,4,1.6,0.6,0.4,4.3,19.6,17.4,4,0.529,0.781,0.9
504,Karl-Anthony Towns,NYK,C,29,72,24.4,12.8,3.1,1,0.7,10.1,35,23.4,72,0.526,0.829,2.7
505,Armel Traoré,LAL,SF,22,9,1.6,1.7,0.1,0.4,0.2,-0.1,7.4,3.5,0,0.316,0.286,0.3
506,Luke Travers,CLE,SG,23,12,1,1.7,0.7,0.1,0.1,-0.1,7.3,1.9,0,0.25,1,0.7
507,Gary Trent Jr.,MIL,SG,26,74,11.1,2.3,1.2,1,0.1,3.3,25.6,11.7,9,0.431,0.848,0.6
508,Oscar Tshiebwe,UTA,C,25,14,7.6,8.7,0.6,0.9,0.1,1,18.2,21,1,0.6,0.742,0.7
509,P.J. Tucker,NYK,SF,39,3,3,2.7,0,0.3,0.3,0.1,19.3,5.5,1,0.429,,0.3
510,Myles Turner,IND,C,28,72,15.6,6.5,1.5,0.8,2,4.7,30.2,16.1,72,0.481,0.773,1.7
511,Hunter Tyson,DEN,PF,24,51,2.6,1.5,0.4,0.2,0.1,0.4,7.8,9,2,0.375,0.75,0.3
512,Jaylon Tyson,CLE,SG,22,47,3.6,2,0.9,0.3,0.1,0.8,9.6,11.1,3,0.43,0.792,0.6
513,Stanley Umude,MIL,SG,25,22,0.7,0.8,0.2,0.1,0.3,-0.2,3.9,3.4,0,0.192,0.5,0.1
514,Jonas Valančiūnas,2TM,C,32,81,10.4,7.7,2,0.5,0.6,4.3,18.8,20.8,21,0.55,0.879,1.5
515,Jarred Vanderbilt,LAL,PF,25,36,4.1,5.1,1.1,1,0.3,1.4,16.1,13.2,2,0.488,0.556,0.8
516,Fred VanVleet,HOU,PG,30,60,14.1,3.7,5.6,1.6,0.4,5.2,35.2,12.8,60,0.378,0.81,1.5
517,Devin Vassell,SAS,SG,24,64,16.3,4,2.9,1.3,0.5,2.2,31,14.2,53,0.443,0.792,1.4
518,Gabe Vincent,LAL,PG,28,72,6.4,1.3,1.4,0.7,0.2,1.3,21.2,7.4,11,0.4,0.714,0.6
519,Nikola Vučević,CHI,C,34,73,18.5,10.1,3.5,0.8,0.7,7.3,31.2,20.3,72,0.53,0.805,1.6
520,Tristan Vukcevic,WAS,C,21,35,9.4,3.7,1.1,0.3,0.7,0.7,14.7,17.8,1,0.496,0.776,1.2
521,Dean Wade,CLE,PF,28,59,5.4,4.2,1.3,0.7,0.3,3,21.2,10.1,30,0.413,0.533,0.4
522,Franz Wagner,ORL,SF,23,60,24.2,5.7,4.7,1.3,0.4,5.6,33.7,20.1,60,0.463,0.871,2.3
523,Moritz Wagner,ORL,C,27,30,12.9,4.9,1.4,0.8,0.4,2,18.8,22.3,1,0.562,0.718,1.6
524,Jabari Walker,POR,SF,22,60,5.2,3.5,0.6,0.6,0.1,2,12.5,15,1,0.515,0.69,0.6
525,Jarace Walker,IND,PF,21,75,6.1,3.1,1.5,0.7,0.3,1.6,15.8,11.9,5,0.472,0.667,1
526,Lonnie Walker IV,PHI,SG,26,20,12.4,3.2,2.5,0.5,0.3,0.3,23.9,13.1,7,0.42,0.8,1.3
527,Cason Wallace,OKC,SG,21,68,8.4,3.4,2.5,1.8,0.5,5.2,27.6,12.3,43,0.474,0.811,0.9
528,Keaton Wallace,ATL,PG,25,31,5.4,1.6,2.6,0.9,0.3,0.4,16.2,10.1,5,0.401,1,1.1
529,Jordan Walsh,BOS,PF,20,52,1.6,1.3,0.4,0.2,0.2,0.4,7.8,6.9,1,0.361,0.583,0.3
530,Ja'Kobe Walter,TOR,SG,20,52,8.6,3.1,1.6,0.8,0.2,1.2,21.2,10.8,18,0.405,0.795,1
531,Kel'el Ware,MIA,C,20,64,9.3,7.4,0.9,0.6,1.1,4.1,22.2,17.4,36,0.554,0.687,0.9
532,P.J. Washington,DAL,PF,26,57,14.7,7.8,2.3,1.1,1.1,2.4,32.2,14,56,0.453,0.722,2.1
533,TyTy Washington Jr.,PHO,PG,23,16,2.2,0.8,1,0.2,0,-0.2,7.4,6.5,0,0.311,0.5,0.2
534,Lindy Waters III,2TM,SG,27,52,4.9,2.1,1,0.5,0.2,1,15,8.8,9,0.369,0.727,0.4
535,Trendon Watford,BRK,PF,24,44,10.2,3.6,2.6,0.6,0.3,0.7,20.8,13,6,0.469,0.762,1.9
536,Anton Watson,NYK,SF,24,9,0.9,0.3,0.2,0.1,0,0,2.4,5.9,0,0.444,,0.2
537,Peyton Watson,DEN,SF,22,68,8.1,3.4,1.4,0.7,1.4,2.5,24.4,11.4,18,0.477,0.693,0.8
538,Jaylen Wells,MEM,SG,21,79,10.4,3.4,1.7,0.6,0.1,3.5,25.9,10.5,74,0.425,0.822,0.9
539,Victor Wembanyama,SAS,C,21,46,24.3,11,3.7,1.1,3.8,3.8,33.2,24.2,46,0.476,0.836,3.2
540,Blake Wesley,SAS,SG,21,58,3.7,1.1,2,0.6,0.1,0.2,11.8,9.9,0,0.435,0.623,0.9
541,Russell Westbrook,DEN,PG,36,75,13.3,4.9,6.1,1.4,0.5,1.9,27.9,14.3,36,0.449,0.661,3.2
542,Phillip Wheeler,PHI,PF,22,5,1.6,1.6,0.4,0.2,0.4,-0.3,8.8,-2.3,0,0.143,1,0.2
543,Coby White,CHI,SG,24,74,20.4,3.7,4.5,0.9,0.2,4.5,33.1,15.5,73,0.453,0.902,2.4
544,Derrick White,BOS,SG,30,76,16.4,4.5,4.8,0.9,1.1,8.5,33.9,16.6,76,0.442,0.839,1.7
545,Cam Whitmore,HOU,SF,20,51,9.4,3,1,0.6,0.3,1.8,16.2,15.5,3,0.444,0.75,0.9
546,Aaron Wiggins,OKC,SG,26,76,12,3.9,1.8,0.8,0.2,5.4,22.9,16.1,26,0.488,0.831,0.9
547,Andrew Wiggins,2TM,SF,29,60,18,4.5,2.6,1,0.8,4,30.7,16.4,60,0.448,0.763,1.7
548,Alondes Williams,DET,SG,25,1,5,0,1,0,0,0,4,53.4,0,1,,0
549,Brandon Williams,DAL,PG,25,33,8.3,1.8,2.3,0.7,0.2,1.3,14.8,18.3,3,0.521,0.833,1.2
550,Cody Williams,UTA,SG,20,50,4.6,2.3,1.2,0.5,0.3,-1.2,21.2,3.7,21,0.323,0.725,0.9
551,Grant Williams,CHO,PF,26,16,10.4,5.1,2.3,1.1,0.8,0.7,29.9,11.5,7,0.439,0.838,1.8
552,Jalen Williams,OKC,SG,23,69,21.6,5.3,5.1,1.6,0.7,7.8,32.4,20.3,69,0.484,0.789,2.2
553,Jaylin Williams,OKC,PF,22,47,5.9,5.6,2.6,0.5,0.6,3.3,16.7,16.4,9,0.439,0.767,0.7
554,Jeenathan Williams,HOU,SG,25,20,3.3,0.7,0.5,0.4,0.2,0,7.4,8.6,0,0.435,0.625,0.7
555,Kenrich Williams,OKC,PF,30,69,6.3,3.5,1.4,0.6,0.1,3.6,16.4,13.7,7,0.483,0.718,0.6
556,Mark Williams,CHO,C,23,44,15.3,10.2,2.5,0.7,1.2,4.7,26.6,23.9,41,0.604,0.804,1.6
557,Patrick Williams,CHI,PF,23,63,9,3.8,2,0.8,0.5,0.4,25,9,36,0.397,0.723,1.4
558,Robert Williams,POR,C,27,20,5.8,5.9,1.1,0.7,1.7,1.3,17.6,18.9,3,0.641,0.882,0.9
559,Vince Williams Jr.,MEM,SG,24,27,6.6,3.6,2,0.4,0.3,0.4,18.5,9.2,5,0.401,0.792,1.2
560,Ziaire Williams,BRK,SF,23,63,10,4.6,1.3,1,0.4,2.1,24.5,11.9,45,0.412,0.821,1.1
561,Zion Williamson,NOP,PF,24,30,24.6,7.2,5.3,1.2,0.9,2.5,28.6,27.3,30,0.567,0.656,3
562,Jalen Wilson,BRK,PF,24,79,9.5,3.4,1.8,0.5,0.1,1.9,25.7,9.5,22,0.397,0.818,1
563,James Wiseman,IND,C,23,1,6,1,0,0,0,0,5,31.2,0,0.5,1,0
564,Isaiah Wong,CHO,SG,24,20,6,1.6,1.4,0.6,0,0.1,13.3,10.9,0,0.39,0.735,0.9
565,Delon Wright,2TM,PG,32,40,3.1,1.7,1.9,0.9,0.3,0.7,15.9,9.2,7,0.344,0.6,0.6
566,Guerschon Yabusele,PHI,C,29,70,11,5.6,2.1,0.8,0.3,3.9,27.1,14.7,43,0.501,0.725,1.2
567,Jahmir Young,CHI,PG,24,6,1.8,0.5,1,0,0,0.1,5,16.8,0,0.8,1,0.2
568,Trae Young,ATL,PG,26,76,24.2,3.1,11.6,1.2,0.2,5.7,36,18.3,76,0.411,0.875,4.7
569,Ivica Zubac,LAC,C,27,80,16.8,12.6,2.7,0.7,1.1,11.7,32.8,22.3,80,0.628,0.661,1.6